<?xml version="1.0" encoding="utf-8"?>
<doctrine-mapping xmlns="http://doctrine-project.org/schemas/orm/doctrine-mapping" xmlns:xsi="http://www.w3.org/2001/XMLSchema-instance" xsi:schemaLocation="http://doctrine-project.org/schemas/orm/doctrine-mapping http://doctrine-project.org/schemas/orm/doctrine-mapping.xsd">
  <entity name="App\DataBundle\Entity\Info" table="info">
    <indexes>
      <index name="subcatinfo_catinfo_fk_idx" columns="Info"/>
    </indexes>
    <id name="id" type="integer" column="Id">
      <generator strategy="IDENTITY"/>
    </id>
    <field name="mandi" type="string" column="Mandi" length="200" nullable="true"/>
    <field name="agent" type="string" column="Agent" length="200" nullable="true"/>
    <field name="company" type="string" column="Company" length="200" nullable="true"/>
    <field name="phone" type="string" column="Phone" length="200" nullable="true"/>
    <field name="traded" type="string" column="Traded" length="200" nullable="true"/>
    <field name="details" type="string" column="Details" length="200" nullable="true"/>
    <many-to-one field="info" target-entity="Infobank">
      <join-columns>
        <join-column name="Info" referenced-column-name="Id"/>
      </join-columns>
    </many-to-one>
  </entity>
</doctrine-mapping>
